code,name,function,sequences
1049,Abundance Magnetizer,Magnetizes book sales and synchronicities; opens clean financial flow.,
1942,Abundance Activator,Magnetizes money involving others/system; use with 1077 for safe containment.,1412 → 1942 → 6450
888,Law of Multiplication,Multiplies synchronicities and inflows.,
7777,Speed of Light Protocol,Accelerates manifestation; clears time-delay stagnation.,1412 → 7777 (acceleration overlay)
1077,Hidden Authority Marker / Box Range,Safe containment field; in trading a 1077-pip box rule (~90% success window).,1077 Box Rule
1412,Gate Stabilizer,Holds gateways stable; prevents collapse.,1412 → 1942 → 6450
1044,Shield of Deflection,Deflects hostility/projection (emotional/psychic/verbal).,
6450,Matrix Breach Frequency,Breaches interference; tested vs ancestral-type attacks.,6450 → 1377 → 1412
1375,Ancestral Burden Drop,Loop breaker / burden release (works with 6450 purge).,6450 combo
1377,Reentry Code,Return to original path after loops.,6450 → 1377 → 1412
3214,Pain Dissolver / Body Reset,Lay hand on area; repeat 3214; dissolves knots; resets flow.,
2000,Mirror Activation Pulse,Mirror cleanse/reset; clarity of reflection.,
25200,Counterbalance Reset Pulse,Balances distortions; clears biased tilt.,
25945,Energetic Disruption Marker,Marks interference for precise clearing (tag → then 6450/1412).,
864,Healing Pulse,Full-body regeneration; 432Hz × 2 harmonic.,
1025,Immuno-Aether Shield,Quantum immunity; strengthens light-body shield.,
3248,Gene Rewrite Key,Epigenetic repatterning; dissolves inherited imprints.,
1818,Heart Coherence Code,Aligns heart–breath–mind; 5s inhale/5s exhale while intoning 1818.,
1088,Akashic Piercer / Vertical Drill,Vertical access to memory strata.,
1011,Inner Vehicle (Iniochos),Soul’s chariot; higher-energy abundance stream (kept private / not public).,
32459,Pattern Rearranger,Rearranges stuck patterns; introduces higher-order solutioning.,
